<?xml version="1.0"?>
<Interface Version="1" Minor="1">
	<Ifc Id="ROOT" Top="1">
		<Bus Id="D">
			<Port Id="3" Dir="IN"/>
			<Port Id="2" Dir="IN"/>
			<Port Id="1" Dir="IN"/>
			<Port Id="0" Dir="IN"/>
		</Bus>
		<Bus Id="Q">
			<Port Id="3" Dir="OUT"/>
			<Port Id="2" Dir="OUT"/>
			<Port Id="1" Dir="OUT"/>
			<Port Id="0" Dir="OUT"/>
		</Bus>
		<Port Id="MR" Dir="IN"/>
		<Port Id="Load" Dir="IN"/>
		<Port Id="EN" Dir="IN"/>
		<Port Id="UD" Dir="IN"/>
		<Port Id="CLK" Dir="IN"/>
		<Port Id="CO" Dir="OUT"/>
	</Ifc>
</Interface>

